Date,Open,High,Low,Close,Volume,Range,Return_%,Q1,Q4,NR2,RangoTotal,PctAboveNR2,PctBelowNR2,SkewMayor,DiferenciaSkew,TCH,TCL,Q2,Z2H,Z2L,Z3H,Z3L,Q3,TVH,TVL,EMH,EML,ExpRange
2025-01-02,21269.0,21490.5,20983.75,21167.5,658867,506.75,-0.2779544437377823,21598.0,20926.75,21269.0,671.25,49.01303538175046,50.98696461824953,50.98696461824953,0.9869646182495302,21514.09375,21491.27125,21426.885625000003,21362.5,21339.75,21185.0,21162.25,21086.453125,21010.65625,20968.703125,21598.0,20926.75,671.25
2025-01-03,21186.75,21559.25,21144.0,21516.5,479422,415.25,1.648753986063545,21515.75,20909.25,21186.75,606.5,54.24567188788129,45.75432811211871,54.24567188788129,4.2456718878812865,21439.9375,21419.3165,21351.28325,21283.25,21262.5,21162.5,21141.75,21063.40625,20985.0625,20947.15625,21515.75,20909.25,606.5
2025-01-06,21532.25,21896.75,21478.25,21744.5,562266,418.5,1.059651895057279,21849.75,21247.25,21532.25,602.5,52.69709543568465,47.30290456431535,52.69709543568465,2.697095435684652,21774.4375,21753.9525,21690.97625,21628.0,21607.5,21489.5,21469.0,21395.78125,21322.5625,21284.90625,21849.75,21247.25,602.5
2025-01-07,21781.25,21806.0,21279.5,21359.75,632582,526.5,-1.769412955000116,22032.75,21496.25,21781.25,536.5,46.87791239515378,53.12208760484622,53.12208760484622,3.1220876048462216,21965.6875,21947.4465,21890.22325,21833.0,21814.75,21714.25,21696.0,21629.65625,21563.3125,21529.78125,22032.75,21496.25,536.5
2025-01-08,21380.75,21448.25,21166.25,21360.75,626784,282.0,0.004681702735287452,21648.0,21083.5,21380.75,564.5,47.34278122232064,52.65721877767936,52.65721877767936,2.657218777679361,21577.4375,21558.2445,21499.37225,21440.5,21421.25,21310.25,21291.0,21222.53125,21154.0625,21118.78125,21648.0,21083.5,564.5
2025-01-09,21334.75,21360.75,21218.0,21360.75,77136,142.75,0.0,21619.25,21052.5,21334.75,566.75,50.1985002205558,49.8014997794442,50.1985002205558,0.1985002205558004,21548.40625,21529.13675,21476.943375000003,21424.75,21405.5,21266.25,21247.0,21185.171875,21123.34375,21087.921875,21619.25,21052.5,566.75
2025-01-10,21302.75,21372.5,20874.75,21016.0,691607,497.75,-1.613941458048052,21524.75,21000.75,21302.75,524.0,42.36641221374045,57.63358778625955,57.63358778625955,7.633587786259547,21459.25,21441.434,21373.717,21306.0,21288.25,21237.25,21219.5,21142.875,21066.25,21033.5,21524.75,21000.75,524.0
2025-01-13,21027.5,21037.0,20694.0,20947.25,606694,343.0,-0.3271317091739667,21249.5,20727.0,21027.5,522.5,42.48803827751196,57.51196172248804,57.51196172248804,7.511961722488039,21184.1875,21166.4225,21099.21125,21032.0,21014.25,20962.25,20944.5,20868.40625,20792.3125,20759.65625,21249.5,20727.0,522.5
2025-01-14,21020.0,21143.75,20773.5,20919.5,664463,370.25,-0.1324756232918389,21242.0,20736.0,21020.0,506.0,43.873517786561266,56.126482213438734,56.126482213438734,6.1264822134387344,21178.75,21161.546,21100.023,21038.5,21021.25,20956.75,20939.5,20869.375,20799.25,20767.625,21242.0,20736.0,506.0
2025-01-15,20977.0,21452.75,20909.0,21400.25,543896,543.75,2.29809507875427,21199.0,20690.0,20977.0,509.0,43.614931237721024,56.385068762278976,56.385068762278976,6.385068762278976,21135.375,21118.069,21055.5345,20993.0,20975.5,20913.5,20896.0,20824.8125,20753.625,20721.8125,21199.0,20690.0,509.0
2025-01-16,21389.0,21567.25,21172.25,21249.75,586335,395.0,-0.7032628123503248,21648.25,21113.75,21389.0,534.5,48.503274087932645,51.496725912067355,51.496725912067355,1.4967259120673546,21581.4375,21563.2645,21510.632250000002,21458.0,21439.75,21322.25,21304.0,21242.28125,21180.5625,21147.15625,21648.25,21113.75,534.5
2025-01-17,21227.5,21682.5,21209.25,21594.75,580295,473.25,1.623548512335438,21478.75,20953.25,21227.5,525.5,47.8116079923882,52.188392007611796,52.188392007611796,2.188392007611796,21413.0625,21395.1955,21341.59775,21288.0,21270.25,21161.75,21144.0,21081.46875,21018.9375,20986.09375,21478.75,20953.25,525.5
2025-01-20,21600.0,21778.75,21526.5,21683.0,155119,252.25,0.4086641429051019,21863.75,21325.75,21600.0,538.0,49.02416356877323,50.97583643122676,50.97583643122676,0.9758364312267602,21796.5,21778.208,21726.604,21675.0,21656.75,21532.75,21514.5,21453.75,21393.0,21359.375,21863.75,21325.75,538.0
2025-01-21,21687.25,21783.5,21377.75,21709.5,499684,405.75,0.12221556057741,21928.0,21429.75,21687.25,498.25,48.319116909182135,51.680883090817865,51.680883090817865,1.680883090817865,21865.71875,21848.77825,21799.264125,21749.75,21732.75,21625.0,21608.0,21550.015625,21492.03125,21460.890625,21928.0,21429.75,498.25
2025-01-22,21809.25,22093.5,21768.25,22000.5,486785,325.25,1.340427002003741,22057.25,21535.5,21809.25,521.75,47.53234307618591,52.46765692381409,52.46765692381409,2.46765692381409,21992.03125,21974.29175,21920.395875000002,21866.5,21848.75,21744.0,21726.25,21663.484375,21600.71875,21568.109375,22057.25,21535.5,521.75
2025-01-23,21981.75,22050.5,21863.0,22038.25,463540,187.5,0.1715870093861538,22254.75,21708.0,21981.75,546.75,49.93141289437586,50.06858710562414,50.06858710562414,0.06858710562413961,22186.40625,22167.81675,22117.908375,22068.0,22049.25,21913.5,21894.75,21835.546875,21776.34375,21742.171875,22254.75,21708.0,546.75
2025-01-24,22018.5,22078.25,21844.0,21911.25,519264,234.25,-0.5762708019012353,22267.25,21766.75,22018.5,500.5,49.7002997002997,50.2997002997003,50.2997002997003,0.299700299700298,22204.6875,22187.6705,22141.33525,22095.0,22078.0,21956.0,21939.0,21884.15625,21829.3125,21798.03125,22267.25,21766.75,500.5
2025-01-27,21771.0,21771.0,20763.75,21258.5,1034724,1007.25,-2.979063266586801,22019.75,21544.0,21771.0,475.75,52.285864424592745,47.714135575407255,52.285864424592745,2.285864424592745,21960.28125,21944.10575,21895.427875,21846.75,21830.5,21733.25,21717.0,21660.234375,21603.46875,21573.734375,22019.75,21544.0,475.75
2025-01-28,21343.25,21626.0,21159.5,21581.75,649291,466.5,1.520568243290921,21592.0,20971.25,21343.25,620.75,40.0724929520741,59.9275070479259,59.9275070479259,9.9275070479259,21514.40625,21493.30075,21406.025374999997,21318.75,21297.5,21265.75,21244.5,21146.671875,21048.84375,21010.046875,21592.0,20971.25,620.75
2025-01-29,21559.0,21697.0,21367.0,21523.25,624949,330.0,-0.2710623559257219,21799.0,21187.0,21559.0,612.0,39.21568627450981,60.78431372549019,60.78431372549019,10.784313725490193,21722.5,21701.692,21612.970999999998,21524.25,21503.5,21482.5,21461.75,21362.625,21263.5,21225.25,21799.0,21187.0,612.0
2025-01-30,21547.75,21748.75,21419.5,21624.75,612641,329.25,0.4715830555329648,21787.75,21190.5,21547.75,597.25,40.18417748011721,59.8158225198828,59.8158225198828,9.8158225198828,21713.09375,21692.78725,21609.143625,21525.5,21505.25,21473.0,21452.75,21358.953125,21265.15625,21227.828125,21787.75,21190.5,597.25
2025-01-31,21680.0,21966.0,21533.75,21589.25,646032,432.25,-0.1641637475577773,21903.75,21322.75,21680.0,581.0,38.51118760757315,61.48881239242685,61.48881239242685,11.488812392426851,21831.125,21811.371,21725.1855,21639.0,21619.0,21607.5,21587.5,21491.4375,21395.375,21359.0625,21903.75,21322.75,581.0
2025-02-03,21200.0,21579.75,20943.0,21405.0,720963,636.75,-0.8534340007179453,21434.0,20858.5,21200.0,575.5,40.660295395308424,59.33970460469157,59.33970460469157,9.339704604691569,21362.0625,21342.4955,21263.247750000002,21184.0,21164.5,21128.0,21108.5,21019.46875,20930.4375,20894.46875,21434.0,20858.5,575.5
2025-02-04,21592.0,21694.0,21242.5,21670.25,491670,451.5,1.239196449427693,21857.5,21250.5,21592.0,607.0,43.73970345963756,56.26029654036244,56.26029654036244,6.2602965403624395,21781.625,21760.987,21686.7435,21612.5,21592.0,21516.0,21495.5,21410.9375,21326.375,21288.4375,21857.5,21250.5,607.0
2025-02-05,21562.0,21795.0,21429.75,21763.0,493018,365.25,0.4280061374464905,21844.75,21220.5,21562.0,624.25,45.29435322386865,54.70564677613135,54.70564677613135,4.705646776131353,21766.71875,21745.49425,21673.997125,21602.5,21581.25,21484.0,21462.75,21380.640625,21298.53125,21259.515625,21844.75,21220.5,624.25
2025-02-06,21764.5,21882.25,21705.75,21871.75,436067,176.5,0.499701327941926,22071.5,21423.0,21764.5,648.5,47.340015420200466,52.659984579799534,52.659984579799534,2.6599845797995343,21990.4375,21968.3885,21900.69425,21833.0,21811.0,21683.5,21661.5,21582.78125,21504.0625,21463.53125,22071.5,21423.0,648.5
2025-02-07,21817.75,21968.0,21552.75,21590.75,591408,415.25,-1.28476230754283,22093.5,21415.5,21817.75,678.0,40.67109144542773,59.328908554572266,59.328908554572266,9.328908554572266,22008.75,21985.698,21892.349000000002,21799.0,21776.0,21733.0,21710.0,21605.125,21500.25,21457.875,22093.5,21415.5,678.0
2025-02-10,21463.25,21894.0,21418.0,21846.5,385196,476.0,1.184535043942425,21739.0,21195.75,21463.25,543.25,50.75931891394385,49.24068108605614,50.75931891394385,0.7593189139438508,21671.09375,21652.62325,21601.186625000002,21549.75,21531.25,21403.5,21385.0,21324.328125,21263.65625,21229.703125,21739.0,21195.75,543.25
2025-02-11,21832.0,21871.5,21669.5,21786.75,418710,202.0,-0.2734991875128712,22109.0,21564.5,21832.0,544.5,50.872359963269055,49.127640036730945,50.872359963269055,0.8723599632690551,22040.9375,22022.4245,21970.46225,21918.5,21900.0,21773.5,21755.0,21693.78125,21632.5625,21598.53125,22109.0,21564.5,544.5
2025-02-12,21794.25,21862.5,21510.75,21804.75,540962,351.75,0.08261902303006163,22071.25,21555.75,21794.25,515.5,53.73423860329777,46.26576139670223,53.73423860329777,3.7342386032977686,22006.8125,21989.2855,21932.76775,21876.25,21858.75,21768.25,21750.75,21685.46875,21620.1875,21587.96875,22071.25,21555.75,515.5
2025-02-13,21861.25,22124.0,21753.0,22113.25,529362,371.0,1.414829337644319,22140.75,21622.75,21861.25,518.0,53.95752895752896,46.04247104247104,53.95752895752896,3.9575289575289574,22076.0,22058.388,22000.944,21943.5,21926.0,21837.5,21820.0,21753.75,21687.5,21655.125,22140.75,21622.75,518.0
2025-02-14,22071.0,22225.0,22042.5,22196.25,429223,182.5,0.3753405763512907,22346.75,21860.75,22071.0,486.0,56.73868312757202,43.26131687242798,56.73868312757202,6.738683127572017,22286.0,22269.476,22208.862999999998,22148.25,22131.75,22075.75,22059.25,21990.375,21921.5,21891.125,22346.75,21860.75,486.0
2025-02-17,22235.75,22281.75,22192.5,22235.25,101177,89.25,0.1757053556344035,22467.25,22025.5,22235.75,441.75,52.40520656479909,47.594793435200906,52.40520656479909,2.4052065647990872,22412.03125,22397.01175,22351.505875000003,22306.0,22291.0,22201.75,22186.75,22133.734375,22080.71875,22053.109375,22467.25,22025.5,441.75
2025-02-18,22224.75,22319.75,22102.75,22232.25,458231,217.0,-0.01349209026207943,22443.5,22064.25,22224.75,379.25,57.679630850362564,42.32036914963744,57.679630850362564,7.679630850362564,22396.09375,22383.19925,22334.099625000003,22285.0,22272.25,22235.5,22222.75,22167.203125,22111.65625,22087.953125,22443.5,22064.25,379.25
2025-02-19,22224.5,22299.75,22118.0,22250.5,491538,181.75,0.08208795780904055,22426.25,22064.0,22224.5,362.25,55.6935817805383,44.3064182194617,55.6935817805383,5.693581780538302,22380.96875,22368.65225,22325.326125,22282.0,22269.75,22220.5,22208.25,22158.765625,22109.28125,22086.640625,22426.25,22064.0,362.25
2025-02-20,22213.0,22235.5,21951.0,22141.75,555432,284.5,-0.4887530617289526,22415.5,22052.5,22213.0,363.0,55.78512396694215,44.214876033057855,55.78512396694215,5.785123966942152,22370.125,22357.783,22314.266499999998,22270.75,22258.5,22209.5,22197.25,22147.5625,22097.875,22075.1875,22415.5,22052.5,363.0
2025-02-21,22136.0,22245.5,21652.75,21679.25,697766,592.75,-2.08881411812526,22338.5,22005.25,22136.0,333.25,60.76519129782446,39.23480870217554,60.76519129782446,10.765191297824458,22296.84375,22285.51325,22237.256625,22189.0,22177.75,22166.0,22154.75,22100.828125,22046.90625,22026.078125,22338.5,22005.25,333.25
2025-02-24,21700.75,21813.0,21407.5,21420.25,658440,405.5,-1.19469077574178,21878.75,21501.75,21700.75,377.0,47.214854111405835,52.785145888594165,52.785145888594165,2.7851458885941653,21831.625,21818.807,21779.2785,21739.75,21727.0,21653.5,21640.75,21594.8125,21548.875,21525.3125,21878.75,21501.75,377.0
2025-02-25,21442.5,21453.75,20990.0,21149.0,791775,463.75,-1.266325089576448,21620.5,21208.75,21442.5,411.75,43.2301153612629,56.7698846387371,56.7698846387371,6.769884638737103,21569.03125,21555.03175,21503.640874999997,21452.25,21438.25,21391.0,21377.0,21318.609375,21260.21875,21234.484375,21620.5,21208.75,411.75
2025-02-26,21230.5,21409.25,21055.0,21187.0,639949,354.25,0.1796775261241557,21393.0,20980.25,21230.5,412.75,39.37007874015748,60.629921259842526,60.629921259842526,10.629921259842526,21341.40625,21327.37275,21267.936374999997,21208.5,21194.25,21179.0,21164.75,21098.296875,21031.84375,21006.046875,21393.0,20980.25,412.75
2025-02-27,21249.0,21386.5,20583.25,20605.75,843882,803.25,-2.743427573512058,21381.25,21000.25,21249.0,381.0,34.71128608923885,65.28871391076116,65.28871391076116,15.28871391076116,21333.625,21320.671,21256.8355,21193.0,21180.0,21201.5,21188.5,21118.1875,21047.875,21024.0625,21381.25,21000.25,381.0
2025-02-28,20649.5,20944.25,20460.5,20919.5,834281,483.75,1.522633245574667,20785.5,20358.0,20649.5,427.5,31.812865497076025,68.18713450292397,68.18713450292397,18.187134502923968,20732.0625,20717.5275,20639.76375,20562.0,20547.5,20596.0,20581.5,20496.46875,20411.4375,20384.71875,20785.5,20358.0,427.5
2025-03-03,21005.25,21121.0,20316.75,20468.25,826524,804.25,-2.15707832405172,21206.0,20675.25,21005.25,530.75,37.82383419689119,62.17616580310881,62.17616580310881,12.176165803108809,21139.65625,21121.61075,21041.055375,20960.5,20942.25,20939.0,20920.75,20831.171875,20741.59375,20708.421875,21206.0,20675.25,530.75
2025-03-04,20527.0,20732.5,20075.25,20399.0,943695,657.25,-0.3383288752091707,20754.0,20165.75,20527.0,588.25,38.58903527411815,61.410964725881854,61.410964725881854,11.410964725881854,20680.46875,20660.46825,20573.359125000003,20486.25,20466.25,20453.5,20433.5,20336.390625,20239.28125,20202.515625,20754.0,20165.75,588.25
2025-03-05,20555.0,20725.0,20215.0,20665.0,772984,510.0,1.303985489484782,20885.0,20183.0,20555.0,702.0,47.008547008547005,52.991452991452995,52.991452991452995,2.991452991452995,20797.25,20773.382,20698.941,20624.5,20600.75,20467.25,20443.5,20357.125,20270.75,20226.875,20885.0,20183.0,702.0
2025-03-06,20605.25,20647.5,20003.0,20089.25,750514,644.5,-2.786111783208323,20944.25,20207.75,20605.25,736.5,46.02851323828921,53.97148676171079,53.97148676171079,3.9714867617107927,20852.1875,20827.1465,20745.44825,20663.75,20638.75,20513.25,20488.25,20394.03125,20299.8125,20253.78125,20944.25,20207.75,736.5
2025-03-07,20214.5,20286.25,19765.5,20229.75,750527,520.75,0.6993790211182516,20553.5,19812.0,20214.5,741.5,45.71813890761969,54.28186109238031,54.28186109238031,4.281861092380311,20460.8125,20435.6015,20352.300750000002,20269.0,20243.75,20121.75,20096.5,20000.59375,19904.6875,19858.34375,20553.5,19812.0,741.5
2025-03-10,20147.0,20156.5,19272.25,19452.75,776380,884.25,-3.84087791495199,20491.5,19723.5,20147.0,768.0,44.85677083333333,55.143229166666664,55.143229166666664,5.143229166666664,20395.5,20369.388,20279.694,20190.0,20164.0,20051.0,20025.0,19922.25,19819.5,19771.5,20491.5,19723.5,768.0
2025-03-11,19440.0,19686.75,19139.25,19399.0,838258,547.5,-0.2763105473519212,19784.5,18968.75,19440.0,815.75,42.23107569721115,57.76892430278885,57.76892430278885,7.768924302788847,19682.53125,19654.79575,19548.897875000002,19443.0,19415.25,19338.0,19310.25,19190.484375,19070.71875,19019.734375,19784.5,18968.75,815.75
2025-03-12,19412.75,19788.75,19387.0,19618.5,683826,401.75,1.13150162379505,19757.25,18919.5,19412.75,837.75,41.122053118472095,58.8779468815279,58.8779468815279,8.877946881527897,19652.53125,19624.04775,19510.648875,19397.25,19368.75,19308.0,19279.5,19151.859375,19024.21875,18971.859375,19757.25,18919.5,837.75
2025-03-13,19572.0,19694.0,19170.0,19249.0,728587,524.0,-1.883426357774554,19898.75,19089.5,19572.0,809.25,40.3768921841211,59.623107815878896,59.623107815878896,9.623107815878896,19797.59375,19770.07925,19657.539624999998,19545.0,19517.5,19470.75,19443.25,19316.953125,19190.65625,19140.078125,19898.75,19089.5,809.25
2025-03-14,19312.75,19742.5,19296.75,19712.0,742663,445.75,2.405319756870483,19638.5,18851.25,19312.75,787.25,41.37821530644649,58.621784693553515,58.621784693553515,8.621784693553515,19540.09375,19513.32725,19407.788625,19302.25,19275.5,19214.25,19187.5,19068.578125,18949.65625,18900.453125,19638.5,18851.25,787.25
2025-03-17,19668.25,19959.25,19550.5,19831.75,584953,408.75,0.6074979707792139,19988.5,19224.0,19668.25,764.5,41.89012426422498,58.10987573577502,58.10987573577502,8.10987573577502,19892.9375,19866.9445,19766.34725,19665.75,19639.75,19572.75,19546.75,19433.15625,19319.5625,19271.78125,19988.5,19224.0,764.5
2025-03-18,19821.0,19858.0,19397.75,19496.75,360195,460.25,-1.689210483189829,20133.0,19377.75,19821.0,755.25,41.31082423038729,58.68917576961271,58.68917576961271,8.68917576961271,20038.59375,20012.91525,19911.332625,19809.75,19784.25,19726.5,19701.0,19586.578125,19472.15625,19424.953125,20133.0,19377.75,755.25
2025-03-19,19496.75,19935.0,19455.5,19746.75,210518,479.5,1.28226499288342,19799.75,19079.5,19496.75,720.25,42.06872613675807,57.93127386324193,57.93127386324193,7.931273863241927,19709.71875,19685.23025,19591.115125,19497.0,19472.5,19406.75,19382.25,19275.890625,19169.53125,19124.515625,19799.75,19079.5,720.25
2025-03-20,19746.75,19898.75,19530.25,19678.5,116159,368.5,-0.3456264954992627,20054.75,19335.0,19746.75,719.75,42.79263633205974,57.20736366794026,57.20736366794026,7.207363667940257,19964.78125,19940.30975,19848.904875,19757.5,19733.0,19656.75,19632.25,19528.609375,19424.96875,19379.984375,20054.75,19335.0,719.75
2025-03-21,19898.5,19977.5,19602.25,19961.0,593033,375.25,1.43557689864573,20194.5,19518.75,19898.5,675.75,43.803181650018495,56.196818349981505,56.196818349981505,6.1968183499815055,20110.03125,20087.05575,20004.652875,19922.25,19899.25,19814.0,19791.0,19697.109375,19603.21875,19560.984375,20194.5,19518.75,675.75
2025-03-24,20050.5,20409.5,20050.5,20374.25,547257,359.0,2.070287059766551,20338.5,19726.75,20050.5,611.75,47.07805476093176,52.92194523906824,52.92194523906824,2.9219452390682434,20262.03125,20241.23175,20176.615875,20112.0,20091.25,19974.0,19953.25,19878.234375,19803.21875,19764.984375,20338.5,19726.75,611.75
2025-03-25,20353.0,20524.75,20293.0,20488.5,465835,231.75,0.5607568376750027,20634.0,20045.5,20353.0,588.5,47.74851316907392,52.25148683092608,52.25148683092608,2.2514868309260834,20560.4375,20540.4285,20480.21425,20420.0,20400.0,20279.5,20259.5,20189.28125,20119.0625,20082.28125,20634.0,20045.5,588.5
2025-03-26,20511.5,20536.75,20045.0,20116.5,610815,491.75,-1.815652683212532,20773.0,20204.0,20511.5,569.0,45.95782073813709,54.04217926186292,54.04217926186292,4.04217926186292,20701.875,20682.529,20619.264499999997,20556.0,20536.5,20440.5,20421.0,20348.0625,20275.125,20239.5625,20773.0,20204.0,569.0
2025-03-27,20046.0,20199.5,19937.25,19990.25,624835,262.25,-0.6275942634156095,20307.5,19746.0,20046.0,561.5,46.57168299198575,53.42831700801425,53.42831700801425,3.428317008014247,20237.3125,20218.2215,20157.48575,20096.75,20077.75,19975.75,19956.75,19886.46875,19816.1875,19781.09375,20307.5,19746.0,561.5
2025-03-28,19995.25,20011.75,19357.5,19457.0,683770,654.25,-2.667550430835031,20248.25,19725.5,19995.25,522.75,48.39789574366332,51.60210425633668,51.60210425633668,1.6021042563366805,20182.90625,20165.13275,20113.316375000002,20061.5,20043.75,19930.0,19912.25,19851.546875,19790.84375,19758.171875,20248.25,19725.5,522.75
2025-03-31,19319.75,19489.75,18976.75,19439.5,829003,513.0,-0.08994192321529759,19566.25,19014.75,19319.75,551.5,44.69628286491387,55.30371713508613,55.30371713508613,5.303717135086131,19497.3125,19478.5615,19413.780749999998,19349.0,19330.25,19250.75,19232.0,19157.84375,19083.6875,19049.21875,19566.25,19014.75,551.5
2025-04-01,19411.25,19644.0,19261.25,19604.5,783583,382.75,0.8487872630468907,19678.5,19108.5,19411.25,570.0,46.885964912280706,53.1140350877193,53.1140350877193,3.1140350877193015,19607.25,19587.87,19527.184999999998,19466.5,19447.0,19340.0,19320.5,19250.125,19179.75,19144.125,19678.5,19108.5,570.0
2025-04-02,19600.5,20044.25,19076.75,19758.0,829640,967.5,0.7829834986865292,19854.5,19297.75,19600.5,556.75,45.62191288729232,54.378087112707675,54.378087112707675,4.378087112707675,19784.90625,19765.97675,19703.113375,19640.25,19621.25,19531.0,19512.0,19439.671875,19367.34375,19332.546875,19854.5,19297.75,556.75
2025-04-03,19020.0,19177.0,18614.0,18675.5,871725,563.0,-5.478793400141713,19341.75,18700.0,19020.0,641.75,50.13634592910011,49.863654070899884,50.13634592910011,0.13634592910010923,19261.53125,19239.71175,19180.855875,19122.0,19100.25,18941.5,18919.75,18849.984375,18780.21875,18740.109375,19341.75,18700.0,641.75
2025-04-04,18660.0,18713.0,17387.5,17539.0,1167302,1325.5,-6.085513105405482,18994.75,18324.0,18660.0,670.75,49.906820723071185,50.093179276928815,50.093179276928815,0.09317927692881511,18910.90625,18888.10075,18826.800375,18765.5,18742.5,18576.25,18553.25,18480.546875,18407.84375,18365.921875,18994.75,18324.0,670.75
2025-04-07,17100.0,18361.5,16460.0,17563.25,1123813,1901.5,0.1382632989338051,17457.25,16650.5,17100.0,806.75,44.28261543229005,55.71738456770995,55.71738456770995,5.717384567709949,17356.40625,17328.97675,17232.488375,17136.0,17108.5,16999.25,16971.75,16861.546875,16751.34375,16700.921875,17457.25,16650.5,806.75
2025-04-08,17665.0,18357.25,16973.5,17243.75,939851,1383.75,-1.819139396182368,18307.0,17215.5,17665.0,1091.5,58.818140174072376,41.181859825927624,58.818140174072376,8.818140174072376,18170.5625,18133.4515,17985.975749999998,17838.5,17801.5,17721.0,17684.0,17517.96875,17351.9375,17283.71875,18307.0,17215.5,1091.5
2025-04-09,17220.25,19386.75,16735.0,19288.75,1054725,2651.75,11.85936933671621,17862.25,16649.0,17220.25,1213.25,52.9157222336699,47.0842777663301,52.9157222336699,2.9157222336698965,17710.59375,17669.34325,17541.296625000003,17413.25,17372.0,17139.25,17098.0,16949.328125,16800.65625,16724.828125,17862.25,16649.0,1213.25
2025-04-10,19266.75,19383.5,17919.0,18484.5,952611,1464.5,-4.169528870455574,20142.0,18597.5,19266.75,1544.5,56.66882486241502,43.33117513758498,56.66882486241502,6.668824862415022,19948.9375,19896.4245,19704.33725,19512.25,19459.75,19279.75,19227.25,19008.90625,18790.5625,18694.03125,20142.0,18597.5,1544.5
2025-04-11,18464.75,18873.5,18067.0,18807.5,660101,806.5,1.747409992155591,19340.0,17657.25,18464.75,1682.75,52.013073837468426,47.98692616253157,52.013073837468426,2.0130738374684256,19129.65625,19072.44275,18902.346375,18732.25,18675.0,18322.25,18265.0,18066.296875,17867.59375,17762.421875,19340.0,17657.25,1682.75
2025-04-14,19225.0,19256.0,18737.5,18934.75,564494,518.5,0.6765917851920822,20140.25,18417.5,19225.0,1722.75,53.12726745029749,46.87273254970251,53.12726745029749,3.127267450297488,19924.90625,19866.33275,19682.666375,19499.0,19440.25,19117.5,19058.75,18845.796875,18632.84375,18525.171875,20140.25,18417.5,1722.75
2025-04-15,18902.5,19144.75,18809.0,18960.25,520354,335.75,0.1346730218249492,19981.5,18185.75,18902.5,1795.75,60.08631491020465,39.91368508979535,60.08631491020465,10.08631491020465,19757.03125,19695.97575,19441.987875,19188.0,19127.0,19040.25,18979.25,18694.734375,18410.21875,18297.984375,19981.5,18185.75,1795.75
2025-04-16,18790.0,18861.25,18116.25,18385.25,674475,745.0,-3.032660434329715,19761.25,18073.25,18790.0,1688.0,57.53850710900474,42.46149289099526,57.53850710900474,7.53850710900474,19550.25,19492.858,19275.679,19058.5,19001.0,18833.5,18776.0,18530.125,18284.25,18178.75,19761.25,18073.25,1688.0
2025-04-17,18391.25,18652.75,18261.5,18380.75,623226,391.25,-0.02447614255993713,19362.5,17649.75,18391.25,1712.75,56.70705006568384,43.29294993431616,56.70705006568384,6.707050065683838,19148.40625,19090.17275,18876.836375,18663.5,18605.25,18407.0,18348.75,18106.296875,17863.84375,17756.796875,19362.5,17649.75,1712.75
2025-04-21,18306.25,18383.5,17700.0,17922.25,473552,683.5,-2.494457516695459,19277.5,17692.25,18306.25,1585.25,61.2679388109131,38.7320611890869,61.2679388109131,11.267938810913101,19079.34375,19025.44525,18791.847625000002,18558.25,18504.5,18465.25,18411.5,18150.953125,17890.40625,17791.328125,19277.5,17692.25,1585.25
2025-04-22,17914.0,18514.0,17863.75,18385.0,610215,650.25,2.581986078756859,18776.75,17324.5,17914.0,1452.25,59.40781545877088,40.59218454122912,59.40781545877088,9.407815458770877,18595.21875,18545.84225,18345.421125,18145.0,18095.5,18005.75,17956.25,17731.140625,17506.03125,17415.265625,18776.75,17324.5,1452.25
2025-04-23,18646.0,19165.5,18623.75,18804.0,724101,541.75,2.279031819417998,19403.75,18127.5,18646.0,1276.25,59.373163565132224,40.626836434867776,59.373163565132224,9.373163565132224,19244.21875,19200.82625,19024.913125,18849.0,18805.5,18725.75,18682.25,18484.640625,18287.03125,18207.265625,19403.75,18127.5,1276.25
2025-04-24,18826.5,19418.0,18594.75,19322.0,590015,823.25,2.754733035524359,19224.5,18308.0,18826.5,916.5,43.42607746863066,56.573922531369334,56.573922531369334,6.573922531369334,19109.9375,19078.7765,18965.26325,18851.75,18820.5,18712.0,18680.75,18551.65625,18422.5625,18365.28125,19224.5,18308.0,916.5
2025-04-25,19405.0,19589.0,19216.25,19535.25,580630,372.75,1.103664216954758,19835.75,19006.5,19405.0,829.25,51.944528188121794,48.055471811878206,51.944528188121794,1.9445281881217937,19732.09375,19703.89925,19620.324625,19536.75,19508.75,19333.5,19305.5,19207.828125,19110.15625,19058.328125,19835.75,19006.5,829.25
2025-04-28,19524.5,19623.0,19257.25,19528.0,505671,365.75,-0.03711239938061217,19896.25,19126.0,19524.5,770.25,48.263550795196366,51.736449204803634,51.736449204803634,1.736449204803634,19799.96875,19773.78025,19697.015124999998,19620.25,19594.0,19428.25,19402.0,19312.140625,19222.28125,19174.140625,19896.25,19126.0,770.25
2025-04-29,19478.25,19688.5,19378.0,19642.0,561158,310.5,0.583777140516184,19829.5,19064.75,19478.25,764.75,45.930042497548214,54.069957502451786,54.069957502451786,4.069957502451786,19733.90625,19707.90475,19622.702375,19537.5,19511.5,19382.75,19356.75,19258.546875,19160.34375,19112.546875,19829.5,19064.75,764.75
2025-04-30,19599.75,19880.0,19103.75,19658.5,705432,776.25,0.08400366561449601,19948.25,19186.25,19599.75,762.0,45.734908136482936,54.26509186351706,54.26509186351706,4.265091863517057,19853.0,19827.092,19741.546000000002,19656.0,19630.0,19504.5,19478.5,19380.0,19281.5,19233.875,19948.25,19186.25,762.0
2025-05-01,19834.0,20125.75,19757.25,19870.75,581491,368.5,1.079685632169292,20208.25,19467.75,19834.0,740.5,50.540175557056045,49.459824442943955,50.540175557056045,0.5401755570560454,20115.6875,20090.5105,20021.130250000002,19951.75,19926.5,19749.5,19724.25,19642.28125,19560.3125,19514.03125,20208.25,19467.75,740.5
2025-05-02,19782.5,20276.75,19749.5,20195.25,509436,527.25,1.633053608947832,20141.5,19316.5,19782.5,825.0,43.515151515151516,56.484848484848484,56.484848484848484,6.484848484848484,20038.375,20010.325,19908.5375,19806.75,19778.5,19679.5,19651.25,19535.4375,19419.625,19368.0625,20141.5,19316.5,825.0
2025-05-05,20181.5,20201.75,19966.0,20055.5,407810,235.75,-0.6919944046248516,20540.5,20181.5,20181.5,359.0,100.0,0.0,100.0,50.0,20495.625,20483.419,20360.9595,20238.5,20226.5,20495.5,20483.5,20354.9375,20226.375,20203.9375,20540.5,20181.5,359.0
2025-05-06,20014.25,20036.75,19739.0,19876.5,509449,297.75,-0.8925232479868317,20362.75,19853.5,20014.25,509.25,68.43397152675503,31.566028473244966,68.43397152675503,18.43397152675503,20299.09375,20281.77925,20188.514625,20095.25,20078.0,20138.25,20121.0,20019.078125,19917.15625,19885.328125,20362.75,19853.5,509.25
2025-05-07,19809.0,20133.75,19678.75,19961.0,587037,455.0,0.4251251477875861,20154.5,19627.25,19809.0,527.25,65.52868658131817,34.47131341868184,65.52868658131817,15.52868658131817,20088.59375,20070.66725,19981.708625,19892.75,19875.0,19906.75,19889.0,19791.078125,19693.15625,19660.203125,20154.5,19627.25,527.25
2025-05-08,19934.5,20337.25,19910.75,20148.0,558866,426.5,0.9368268122839529,20244.0,19752.75,19934.5,491.25,63.00254452926208,36.99745547073791,63.00254452926208,13.002544529262082,20182.59375,20165.89125,20089.195625,20012.5,19996.0,20000.75,19984.25,19899.203125,19814.15625,19783.453125,20244.0,19752.75,491.25
2025-05-09,20157.0,20288.75,20058.0,20136.75,447068,230.75,-0.05583680762358822,20471.75,19975.25,20157.0,496.5,63.39375629405841,36.606243705941594,63.39375629405841,13.393756294058413,20409.6875,20392.8065,20314.40325,20236.0,20219.0,20228.0,20211.0,20124.15625,20037.3125,20006.28125,20471.75,19975.25,496.5
2025-05-12,20398.5,20996.0,20376.75,20948.75,624543,619.25,4.032428271692301,20724.25,20225.0,20398.5,499.25,65.24787180771156,34.75212819228843,65.24787180771156,15.247871807711562,20661.84375,20644.86925,20561.434625,20478.0,20461.0,20488.25,20471.25,20379.328125,20287.40625,20256.203125,20724.25,20225.0,499.25
2025-05-13,20954.75,21346.5,20818.0,21278.0,516681,528.5,1.571692821767412,21315.5,20781.25,20954.75,534.25,67.52456715021057,32.47543284978943,67.52456715021057,17.524567150210572,21248.71875,21230.55425,21135.152125,21039.75,21021.5,21075.25,21057.0,20952.515625,20848.03125,20814.640625,21315.5,20781.25,534.25
2025-05-14,21250.0,21419.5,21238.25,21392.5,504584,181.25,0.53811448444403,21582.5,21076.5,21250.0,506.0,65.71146245059289,34.28853754940712,65.71146245059289,15.71146245059289,21519.25,21502.046,21416.273,21330.5,21313.25,21345.75,21328.5,21234.125,21139.75,21108.125,21582.5,21076.5,506.0
2025-05-15,21379.75,21529.75,21192.0,21400.25,535259,337.75,0.03622764987729621,21691.0,21206.25,21379.75,484.75,64.20835482207323,35.79164517792677,64.20835482207323,14.208354822073233,21630.40625,21613.92475,21535.337375,21456.75,21440.25,21457.0,21440.5,21353.671875,21266.84375,21236.546875,21691.0,21206.25,484.75
2025-05-16,21396.0,21512.0,21320.25,21506.0,406833,191.75,0.4941531056880111,21685.75,21222.5,21396.0,463.25,62.54722072315164,37.452779276848354,62.54722072315164,12.54722072315164,21627.84375,21612.09325,21540.921625000003,21469.75,21454.0,21454.25,21438.5,21359.453125,21280.40625,21251.453125,21685.75,21222.5,463.25
2025-05-19,21310.75,21544.5,21112.5,21527.0,503589,432.0,0.09764716823212893,21577.75,21130.75,21310.75,447.0,59.73154362416108,40.26845637583892,59.73154362416108,9.731543624161077,21521.875,21506.677,21444.213499999998,21381.75,21366.5,21342.0,21326.75,21256.6875,21186.625,21158.6875,21577.75,21130.75,447.0
2025-05-20,21513.0,21562.25,21298.0,21447.25,431762,264.25,-0.3704649974450636,21783.5,21355.75,21513.0,427.75,63.23787258912916,36.76212741087084,63.23787258912916,13.23787258912916,21730.03125,21715.48775,21648.243875,21581.0,21566.5,21572.75,21558.25,21483.734375,21409.21875,21382.484375,21783.5,21355.75,427.75
2025-05-21,21414.75,21558.5,21072.75,21156.75,597625,485.75,-1.354486006364453,21679.5,21246.0,21414.75,433.5,61.0726643598616,38.92733564013841,61.0726643598616,11.072664359861598,21625.3125,21610.5735,21547.16175,21483.75,21469.0,21456.5,21441.75,21370.96875,21300.1875,21273.09375,21679.5,21246.0,433.5
2025-05-22,21145.0,21337.5,21040.0,21178.25,508868,297.5,0.1016224136504817,21405.5,20922.25,21145.0,483.25,53.905845835488876,46.094154164511124,53.905845835488876,3.9058458354888757,21345.09375,21328.66325,21275.206625,21221.75,21205.5,21122.25,21106.0,21044.328125,20982.65625,20952.453125,21405.5,20922.25,483.25
2025-05-23,21223.75,21236.0,20727.0,20975.0,520254,509.0,-0.959711024281984,21476.0,20968.0,21223.75,508.0,49.65551181102362,50.34448818897638,50.34448818897638,0.3444881889763778,21412.5,21395.228,21348.114,21301.0,21283.75,21160.25,21143.0,21087.25,21031.5,20999.75,21476.0,20968.0,508.0
2025-05-26,20978.0,21307.75,20954.25,21283.5,87323,353.5,1.470798569725873,21202.0,20692.0,20978.0,510.0,43.92156862745098,56.07843137254902,56.07843137254902,6.078431372549019,21138.25,21120.91,21058.955,20997.0,20979.75,20914.25,20897.0,20826.375,20755.75,20723.875,21202.0,20692.0,510.0
2025-05-27,21281.25,21488.5,21141.5,21460.5,437444,347.0,0.8316301360208556,21485.25,20995.25,21281.25,490.0,41.63265306122449,58.36734693877551,58.36734693877551,8.367346938775512,21424.0,21407.34,21342.295,21277.25,21260.5,21220.0,21203.25,21129.875,21056.5,21025.875,21485.25,20995.25,490.0
2025-05-28,21480.0,21567.5,21321.25,21379.75,415837,246.25,-0.3762726870296551,21702.75,21194.0,21480.0,508.75,43.78378378378379,56.21621621621622,56.21621621621622,6.216216216216218,21639.15625,21621.85875,21559.804375,21497.75,21480.25,21416.5,21399.0,21328.296875,21257.59375,21225.796875,21702.75,21194.0,508.75
2025-05-29,21513.0,21858.75,21301.0,21408.5,559285,557.75,0.1344730410785866,21734.25,21256.5,21513.0,477.75,46.31083202511774,53.68916797488226,53.68916797488226,3.6891679748822597,21674.53125,21658.28775,21606.018875,21553.75,21537.5,21453.25,21437.0,21376.609375,21316.21875,21286.359375,21734.25,21256.5,477.75
2025-05-30,21371.25,21433.5,21071.5,21376.75,542354,362.0,-0.1483055795595156,21615.25,21090.0,21371.25,525.25,46.45406949071871,53.54593050928129,53.54593050928129,3.545930509281291,21549.59375,21531.73525,21474.617625,21417.5,21399.75,21305.5,21287.75,21221.703125,21155.65625,21122.828125,21615.25,21090.0,525.25
2025-06-02,21303.75,21576.25,21163.0,21534.5,428279,413.25,0.7379512788426634,21535.75,21022.5,21303.75,513.25,45.20214320506576,54.79785679493424,54.79785679493424,4.7978567949342406,21471.59375,21454.14325,21395.071625,21336.0,21318.75,21239.5,21222.25,21154.453125,21086.65625,21054.578125,21535.75,21022.5,513.25
2025-06-03,21555.0,21759.75,21399.25,21706.0,419063,360.5,0.7963964800668633,21797.0,21248.5,21555.0,548.5,44.12032816773017,55.87967183226983,55.87967183226983,5.879671832269828,21728.4375,21709.7885,21643.769249999998,21577.75,21559.0,21486.5,21467.75,21392.40625,21317.0625,21282.78125,21797.0,21248.5,548.5
2025-06-04,21688.25,21803.0,21641.0,21766.5,396186,162.0,0.2787247765594802,21931.0,21390.0,21688.25,541.0,44.87060998151571,55.129390018484294,55.129390018484294,5.129390018484294,21863.375,21844.981,21781.8655,21718.75,21700.5,21620.5,21602.25,21529.9375,21457.625,21423.8125,21931.0,21390.0,541.0
2025-06-05,21744.75,21935.0,21503.5,21582.25,581110,431.5,-0.8464842762961444,21972.0,21446.5,21744.75,525.5,43.24452901998097,56.75547098001903,56.75547098001903,6.755470980019027,21906.3125,21888.4455,21822.84775,21757.25,21739.5,21679.0,21661.25,21586.71875,21512.1875,21479.34375,21972.0,21446.5,525.5
2025-06-06,21471.0,21873.5,21471.0,21789.5,460119,402.5,0.9602798596068496,21698.25,21190.25,21471.0,508.0,44.73425196850393,55.26574803149607,55.26574803149607,5.2657480314960665,21634.75,21617.478,21557.864,21498.25,21481.0,21407.5,21390.25,21322.0,21253.75,21222.0,21698.25,21190.25,508.0
2025-06-09,21799.25,21890.75,21716.0,21821.5,350758,174.75,0.1468597260148252,22032.0,21518.5,21799.25,513.5,45.326192794547225,54.673807205452775,54.673807205452775,4.673807205452775,21967.8125,21950.3535,21891.67675,21833.0,21815.5,21735.0,21717.5,21650.09375,21582.6875,21550.59375,22032.0,21518.5,513.5
2025-06-10,21824.0,21992.25,21732.0,21962.5,429182,260.25,0.6461517310909048,22037.25,21543.25,21824.0,494.0,43.16801619433198,56.83198380566802,56.83198380566802,6.831983805668017,21975.5,21958.704,21896.852,21835.0,21818.25,21762.25,21745.5,21675.25,21605.0,21574.125,22037.25,21543.25,494.0
2025-06-11,21945.75,22106.0,21790.75,21887.5,509302,315.25,-0.3414911781445595,22154.0,21608.5,21945.75,545.5,38.17598533455545,61.82401466544455,61.82401466544455,11.824014665444551,22085.8125,22067.2655,21985.38275,21903.5,21885.0,21877.5,21859.0,21767.84375,21676.6875,21642.59375,22154.0,21608.5,545.5
2025-06-12,21871.0,21977.25,21713.25,21932.5,378433,264.0,0.2055968018275234,22079.25,21616.5,21871.0,462.75,45.00270124257158,54.99729875742842,54.99729875742842,4.997298757428418,22021.40625,22005.67275,21951.961375,21898.25,21882.5,21813.25,21797.5,21735.921875,21674.34375,21645.421875,22079.25,21616.5,462.75
2025-06-13,21909.0,21915.75,21471.0,21644.25,483935,444.75,-1.314259660321437,22107.5,21654.5,21909.0,453.0,43.81898454746137,56.18101545253863,56.18101545253863,6.181015452538631,22050.875,22035.473,21980.2365,21925.0,21909.5,21852.5,21837.0,21774.0625,21711.125,21682.8125,22107.5,21654.5,453.0
2025-06-16,21554.0,21999.5,21501.75,21941.5,169373,497.75,1.373343959712159,21738.75,21283.25,21554.0,455.5,40.55982436882547,59.44017563117453,59.44017563117453,9.440175631174533,21681.8125,21666.3255,21603.41275,21540.5,21525.0,21497.0,21481.5,21410.84375,21340.1875,21311.71875,21738.75,21283.25,455.5
2025-06-17,21950.0,21952.0,21685.0,21730.5,92691,267.0,-0.9616480185948961,22150.25,21679.25,21950.0,471.0,42.51592356687898,57.484076433121025,57.484076433121025,7.484076433121025,22091.375,22075.361,22014.930500000002,21954.5,21938.5,21891.0,21875.0,21806.5625,21738.125,21708.6875,22150.25,21679.25,471.0
2025-06-18,21705.0,21872.5,21640.5,21720.25,72526,232.0,-0.04716872598421462,21923.25,21456.5,21705.0,466.75,46.75950723085163,53.24049276914836,53.24049276914836,3.2404927691483607,21864.90625,21849.03675,21799.018375,21749.0,21733.0,21646.75,21630.75,21572.796875,21514.84375,21485.671875,21923.25,21456.5,466.75
2025-06-19,21731.0,21733.0,21435.5,21484.75,12162,297.5,-1.084241663885088,21939.25,21497.75,21731.0,441.5,47.1687429218573,52.83125707814269,52.83125707814269,2.8312570781426913,21884.0625,21869.0515,21822.65075,21776.25,21761.25,21675.75,21660.75,21606.84375,21552.9375,21525.34375,21939.25,21497.75,441.5
2025-06-20,21748.25,22130.5,21745.75,21844.75,515500,384.75,1.675607116675781,21943.25,21522.5,21748.25,420.75,46.3458110516934,53.65418894830659,53.65418894830659,3.65418894830659,21890.65625,21876.35075,21830.425375,21784.5,21770.0,21695.75,21681.25,21628.171875,21575.09375,21548.796875,21943.25,21522.5,420.75
2025-06-23,21648.25,22093.0,21566.75,22073.5,542433,526.25,1.047162361665843,21872.0,21422.5,21648.25,449.5,49.777530589543936,50.222469410456064,50.222469410456064,0.22246941045606405,21815.8125,21800.5295,21759.139750000002,21717.75,21702.5,21592.0,21576.75,21527.71875,21478.6875,21450.59375,21872.0,21422.5,449.5
2025-06-24,22079.0,22448.25,22065.75,22412.75,441302,382.5,1.536910775364131,22339.0,21853.25,22079.0,485.75,53.52547606793618,46.474523932063825,53.52547606793618,3.5254760679361823,22278.28125,22261.76575,22209.007875,22156.25,22139.75,22052.5,22036.0,21974.984375,21913.96875,21883.609375,22339.0,21853.25,485.75
2025-06-25,22412.0,22548.25,22384.5,22461.0,390111,163.75,0.2152792495343059,22672.0,22182.75,22412.0,489.25,53.14256515074093,46.85743484925907,53.14256515074093,3.1425651507409285,22610.84375,22594.20925,22541.979625,22489.75,22473.25,22381.5,22365.0,22304.453125,22243.90625,22213.328125,22672.0,22182.75,489.25
2025-06-26,22461.25,22694.0,22437.75,22669.25,403575,256.25,0.927162637460488,22710.0,22232.0,22461.25,478.0,52.03974895397489,47.96025104602511,52.03974895397489,2.039748953974893,22650.25,22633.998,22585.624,22537.25,22521.0,22421.0,22404.75,22348.25,22291.75,22261.875,22710.0,22232.0,478.0
2025-06-27,22676.25,22825.5,22600.0,22751.5,469923,225.5,0.3628262955325035,22914.5,22484.0,22676.25,430.5,55.342624854819974,44.657375145180026,55.342624854819974,5.342624854819974,22860.6875,22846.0505,22795.40025,22744.75,22730.0,22668.5,22653.75,22595.78125,22537.8125,22510.90625,22914.5,22484.0,430.5
2025-06-30,22751.5,22934.75,22751.5,22893.25,424770,183.25,0.6230358437905092,22963.25,22559.25,22751.5,404.0,52.41336633663366,47.586633663366335,52.41336633663366,2.4133663366336577,22912.75,22899.014,22857.381999999998,22815.75,22802.0,22720.5,22706.75,22658.25,22609.75,22584.5,22963.25,22559.25,404.0
2025-07-01,22867.5,22914.75,22594.5,22692.75,483200,320.25,-0.875804003363434,23068.25,22664.75,22867.5,403.5,49.75216852540272,50.24783147459727,50.24783147459727,0.24783147459726962,23017.8125,23004.0935,22966.92175,22929.75,22916.0,22817.0,22803.25,22759.21875,22715.1875,22689.96875,23068.25,22664.75,403.5
2025-07-02,22694.5,22858.75,22582.0,22843.0,402342,276.75,0.6621057386169582,22901.5,22484.0,22694.5,417.5,49.58083832335329,50.41916167664671,50.41916167664671,0.4191616766467092,22849.3125,22835.1175,22796.30875,22757.5,22743.25,22642.25,22628.0,22582.09375,22536.1875,22510.09375,22901.5,22484.0,417.5
2025-07-03,22845.0,23102.5,22827.0,23062.5,264660,275.5,0.9609070612441428,23049.75,22626.75,22845.0,423.0,48.40425531914894,51.59574468085106,51.59574468085106,1.5957446808510625,22996.875,22982.493,22940.6215,22898.75,22884.5,22792.0,22777.75,22728.6875,22679.625,22653.1875,23049.75,22626.75,423.0
2025-07-04,23059.25,23062.5,22882.0,22906.75,72500,180.5,-0.6753387533875332,23254.5,22841.0,23059.25,413.5,47.21886336154776,52.78113663845224,52.78113663845224,2.7811366384522387,23202.8125,23188.7535,23145.37675,23102.0,23088.0,23007.5,22993.5,22943.09375,22892.6875,22866.84375,23254.5,22841.0,413.5
2025-07-07,22970.0,23028.5,22779.75,22884.75,458601,248.75,-0.09604155980224016,23142.0,22799.25,22970.0,342.75,50.18234865061999,49.817651349380014,50.18234865061999,0.18234865061999272,23099.15625,23087.50275,23056.001375,23024.5,23012.75,22928.5,22916.75,22879.421875,22842.09375,22820.671875,23142.0,22799.25,342.75
2025-07-08,22837.75,22972.75,22808.5,22896.75,417034,164.25,0.05243666633893973,22994.75,22667.5,22837.75,327.25,47.9755538579068,52.024446142093204,52.024446142093204,2.024446142093204,22953.84375,22942.71725,22909.608625,22876.5,22865.5,22796.75,22785.75,22747.078125,22708.40625,22687.953125,22994.75,22667.5,327.25
2025-07-09,22906.5,23112.0,22843.5,23052.75,444792,268.5,0.6813194012250667,23063.75,22736.25,22906.5,327.5,48.01526717557252,51.98473282442748,51.98473282442748,1.984732824427482,23022.8125,23011.6775,22978.588750000003,22945.5,22934.5,22865.5,22854.5,22815.84375,22777.1875,22756.71875,23063.75,22736.25,327.5
2025-07-10,23041.0,23090.0,22901.25,23013.25,385319,188.75,-0.1713461517606318,23199.5,22870.75,23041.0,328.75,48.212927756654,51.78707224334601,51.78707224334601,1.7870722433460102,23158.40625,23147.22875,23114.364374999997,23081.5,23070.25,23000.0,22988.75,22950.296875,22911.84375,22891.296875,23199.5,22870.75,328.75
2025-07-11,23011.75,23048.75,22831.5,22959.0,455728,217.25,-0.2357337620718547,23171.25,22852.0,23011.75,319.25,49.96084573218481,50.03915426781519,50.03915426781519,0.039154267815192156,23131.34375,23120.48925,23091.369625,23062.25,23051.5,22971.75,22961.0,22926.453125,22891.90625,22871.953125,23171.25,22852.0,319.25
2025-07-14,22860.75,23066.5,22803.0,23035.5,408577,263.5,0.3332026656213349,23028.75,22703.25,22860.75,325.5,51.61290322580645,48.38709677419355,51.61290322580645,1.6129032258064484,22988.0625,22976.9955,22944.747750000002,22912.5,22901.5,22830.5,22819.5,22781.71875,22743.9375,22723.59375,23028.75,22703.25,325.5
2025-07-15,23034.25,23222.75,22996.0,23056.75,519192,226.75,0.09224892014498831,23204.75,22892.0,23034.25,312.75,54.51638689048761,45.48361310951239,54.51638689048761,4.51638689048761,23165.65625,23155.02275,23119.511375000002,23084.0,23073.25,23023.5,23012.75,22971.921875,22931.09375,22911.546875,23204.75,22892.0,312.75
2025-07-16,23018.75,23100.0,22835.5,23076.5,540335,264.5,0.08565821288777364,23182.25,22876.5,23018.75,305.75,53.47506132461161,46.52493867538839,53.47506132461161,3.475061324611609,23144.03125,23133.63575,23100.442875,23067.25,23057.0,23001.75,22991.5,22953.109375,22914.71875,22895.609375,23182.25,22876.5,305.75
2025-07-17,23065.5,23279.75,23017.0,23251.0,436788,262.75,0.7561805299763913,23227.5,22923.25,23065.5,304.25,53.24568611339359,46.75431388660641,53.24568611339359,3.245686113393589,23189.46875,23179.12425,23146.562125,23114.0,23103.5,23047.25,23036.75,22999.015625,22961.28125,22942.265625,23227.5,22923.25,304.25
2025-07-18,23261.25,23320.75,23169.5,23224.25,437304,151.25,-0.1150488151047235,23426.25,23112.5,23261.25,313.75,52.589641434262944,47.410358565737056,52.589641434262944,2.589641434262944,23387.03125,23376.36375,23343.806875000002,23311.25,23300.5,23238.25,23227.5,23189.609375,23151.71875,23132.109375,23426.25,23112.5,313.75
2025-07-21,23232.5,23424.75,23203.75,23342.0,390105,221.0,0.5070131435891412,23397.5,23106.0,23232.5,291.5,56.60377358490566,43.39622641509434,56.60377358490566,6.60377358490566,23361.0625,23351.1515,23314.95075,23278.75,23269.0,23234.5,23224.75,23183.59375,23142.4375,23124.21875,23397.5,23106.0,291.5
2025-07-22,23339.5,23367.0,23108.0,23226.25,530913,259.0,-0.4958872418815874,23511.0,23213.0,23339.5,298.0,57.5503355704698,42.4496644295302,57.5503355704698,7.550335570469798,23473.75,23463.618,23425.309,23387.0,23376.75,23347.25,23337.0,23293.625,23250.25,23231.625,23511.0,23213.0,298.0
2025-07-23,23191.25,23418.0,23146.75,23310.75,508328,271.25,0.363812496636351,23360.25,23052.25,23191.25,308.0,54.87012987012987,45.12987012987013,54.87012987012987,4.8701298701298725,23321.75,23311.278,23275.764,23240.25,23229.75,23182.75,23172.25,23131.5,23090.75,23071.5,23360.25,23052.25,308.0
2025-07-24,23402.25,23424.5,23298.25,23377.5,430895,126.25,0.2863485730832283,23574.0,23259.75,23402.25,314.25,54.653937947494036,45.346062052505964,54.653937947494036,4.653937947494036,23534.71875,23524.03425,23488.142125,23452.25,23441.5,23392.25,23381.5,23340.265625,23299.03125,23279.390625,23574.0,23259.75,314.25
2025-07-25,23391.5,23476.0,23330.75,23421.25,389934,145.25,0.1871457598117798,23563.25,23269.75,23391.5,293.5,58.51788756388415,41.48211243611584,58.51788756388415,8.517887563884152,23526.5625,23516.5835,23477.41675,23438.25,23428.25,23404.75,23394.75,23350.59375,23306.4375,23288.09375,23563.25,23269.75,293.5
2025-07-28,23520.0,23585.25,23436.75,23491.25,419167,148.5,0.2988738858942241,23678.25,23398.25,23520.0,280.0,56.51785714285714,43.48214285714286,56.51785714285714,6.517857142857139,23643.25,23633.73,23599.114999999998,23564.5,23555.0,23521.5,23512.0,23472.625,23433.25,23415.75,23678.25,23398.25,280.0
2025-07-29,23504.25,23652.5,23421.25,23452.0,530800,231.25,-0.1670834885329597,23663.25,23387.5,23504.25,275.75,57.66092475067997,42.33907524932003,57.66092475067997,7.660924750679968,23628.78125,23619.40575,23583.702875000003,23548.0,23538.75,23512.0,23502.75,23462.359375,23421.96875,23404.734375,23663.25,23387.5,275.75
2025-07-30,23452.0,23689.0,23356.5,23480.5,525884,332.5,0.1215248166467786,23605.5,23327.25,23452.0,278.25,55.16621743036837,44.83378256963162,55.16621743036837,5.16621743036837,23570.71875,23561.25825,23528.754125,23496.25,23486.75,23446.0,23436.5,23399.265625,23362.03125,23344.640625,23605.5,23327.25,278.25
2025-07-31,23705.0,23845.0,23290.5,23365.0,710159,554.5,-0.4918975319946339,23870.5,23580.25,23705.0,290.25,57.0198105081826,42.9801894918174,57.0198105081826,7.019810508182601,23834.21875,23824.35025,23787.800125,23751.25,23741.25,23709.5,23699.5,23658.015625,23616.53125,23598.390625,23870.5,23580.25,290.25
2025-08-01,23322.0,23342.5,22775.0,22883.75,759306,567.5,-2.059704686496899,23487.5,23142.25,23322.0,345.25,47.936278059377265,52.06372194062274,52.06372194062274,2.0637219406227416,23444.34375,23432.60525,23397.677625,23362.75,23351.0,23278.75,23267.0,23226.203125,23185.40625,23163.828125,23487.5,23142.25,345.25
2025-08-04,22850.0,23352.5,22821.75,23296.5,463842,530.75,1.80368165182716,23020.5,22635.75,22850.0,384.75,44.31448992852501,55.68551007147499,55.68551007147499,5.685510071474987,22972.40625,22959.32475,22913.412375,22867.5,22854.25,22802.0,22788.75,22736.296875,22683.84375,22659.796875,23020.5,22635.75,384.75
2025-08-05,23354.0,23404.25,23084.5,23132.0,536168,319.75,-0.7061146524156015,23572.25,23132.0,23354.0,440.25,49.57410562180579,50.4258943781942,50.4258943781942,0.42589437819420084,23517.21875,23502.25025,23461.250125,23420.25,23405.25,23299.0,23284.0,23235.515625,23187.03125,23159.515625,23572.25,23132.0,440.25
2025-08-06,23091.75,23445.25,23045.5,23422.75,516358,399.75,1.256916825177234,23321.25,22870.5,23091.75,450.75,50.91514143094842,49.08485856905158,50.91514143094842,0.9151414309484167,23264.90625,23249.58075,23206.540375,23163.5,23148.0,23043.75,23028.25,22977.546875,22926.84375,22898.671875,23321.25,22870.5,450.75
2025-08-07,23418.5,23671.0,23329.0,23496.25,557017,342.0,0.3137974832160939,23658.75,23170.25,23418.5,488.5,49.18116683725691,50.81883316274309,50.81883316274309,0.8188331627430898,23597.6875,23581.0785,23534.66425,23488.25,23471.5,23357.5,23340.75,23286.03125,23231.3125,23200.78125,23658.75,23170.25,488.5
2025-08-08,23518.25,23767.75,23503.0,23713.75,447597,264.75,0.9256796297281378,23792.0,23270.0,23518.25,522.0,52.44252873563219,47.55747126436782,52.44252873563219,2.4425287356321874,23726.75,23709.002,23655.126,23601.25,23583.5,23478.5,23460.75,23398.0,23335.25,23302.625,23792.0,23270.0,522.0
2025-08-11,23764.0,23804.5,23587.5,23629.5,439370,217.0,-0.355279110220863,24019.25,23479.0,23764.0,540.25,47.24664507172605,52.75335492827394,52.75335492827394,2.753354928273943,23951.71875,23933.35025,23876.800125,23820.25,23801.75,23696.5,23678.0,23612.265625,23546.53125,23512.765625,24019.25,23479.0,540.25
2025-08-12,23635.0,23953.5,23596.0,23938.0,480630,357.5,1.305571425548568,23890.25,23352.25,23635.0,538.0,47.44423791821561,52.55576208178439,52.55576208178439,2.555762081784387,23823.0,23804.708,23748.854,23693.0,23674.75,23567.75,23549.5,23484.5,23419.5,23385.875,23890.25,23352.25,538.0
2025-08-13,23945.0,24068.5,23886.0,23946.5,448247,182.5,0.03550839669146377,24203.5,23662.25,23945.0,541.25,47.75981524249423,52.24018475750577,52.24018475750577,2.240184757505773,24135.84375,24117.44125,24062.095625,24006.75,23988.5,23877.25,23859.0,23794.453125,23729.90625,23696.078125,24203.5,23662.25,541.25
2025-08-14,23927.75,24007.75,23793.25,23930.5,486540,214.5,-0.0668156097968442,24164.0,23676.75,23927.75,487.25,48.48640328373525,51.51359671626475,51.51359671626475,1.5135967162647503,24103.09375,24086.52725,24038.513625,23990.5,23974.0,23866.75,23850.25,23793.953125,23737.65625,23707.203125,24164.0,23676.75,487.25
2025-08-15,23888.75,23963.0,23734.5,23804.0,434325,228.5,-0.5286141116984555,24112.25,23705.75,23888.75,406.5,54.981549815498155,45.018450184501845,54.981549815498155,4.9815498154981555,24061.4375,24047.6165,24000.558250000002,23953.5,23939.5,23878.5,23864.5,23810.53125,23756.5625,23731.15625,24112.25,23705.75,406.5
2025-08-18,23795.0,23881.75,23719.0,23797.75,396240,162.75,-0.02625609141321261,23995.25,23621.25,23795.0,374.0,53.5427807486631,46.4572192513369,53.5427807486631,3.5427807486630982,23948.5,23935.784,23895.142,23854.5,23841.75,23774.75,23762.0,23715.0,23668.0,23644.625,23995.25,23621.25,374.0
2025-08-19,23800.75,23838.0,23426.0,23469.5,547883,412.0,-1.379332079713413,23988.25,23649.0,23800.75,339.25,55.2689756816507,44.7310243183493,55.2689756816507,5.268975681650701,23945.84375,23934.30925,23894.529625,23854.75,23843.25,23794.0,23782.5,23736.953125,23691.40625,23670.203125,23988.25,23649.0,339.25
2025-08-20,23461.0,23485.5,23035.0,23324.0,704395,450.5,-0.6199535567438574,23634.25,23266.25,23461.0,368.0,47.078804347826086,52.921195652173914,52.921195652173914,2.921195652173914,23588.25,23575.738,23536.869,23498.0,23485.5,23415.0,23402.5,23357.375,23312.25,23289.25,23634.25,23266.25,368.0
2025-08-21,23323.0,23369.25,23119.0,23219.75,518144,250.25,-0.4469645000857447,23484.25,23100.0,23323.0,384.25,41.96486662329213,58.03513337670787,58.03513337670787,8.035133376707869,23436.21875,23423.15425,23372.702125,23322.25,23309.25,23275.0,23262.0,23205.015625,23148.03125,23124.015625,23484.25,23100.0,384.25
2025-08-22,23225.25,23650.0,23076.75,23569.75,480041,573.25,1.507337503633766,23381.75,23012.75,23225.25,369.0,42.41192411924119,57.58807588075881,57.58807588075881,7.588075880758808,23335.625,23323.079,23275.5395,23228.0,23215.5,23179.0,23166.5,23112.6875,23058.875,23035.8125,23381.75,23012.75,369.0
2025-08-25,23602.0,23616.25,23443.25,23498.25,396107,173.0,-0.3033549358817944,23805.5,23373.5,23602.0,432.0,47.10648148148148,52.893518518518526,52.893518518518526,2.893518518518526,23751.5,23736.812,23691.281000000003,23645.75,23631.0,23548.0,23533.25,23480.375,23427.5,23400.5,23805.5,23373.5,432.0
2025-08-26,23505.75,23611.0,23371.5,23591.5,437214,239.5,0.3968380624089107,23699.0,23299.25,23505.75,399.75,48.34271419637273,51.65728580362726,51.65728580362726,1.6572858036272606,23649.03125,23635.43975,23595.719875000003,23556.0,23542.5,23455.75,23442.25,23395.734375,23349.21875,23324.234375,23699.0,23299.25,399.75
2025-08-27,23604.0,23689.0,23434.75,23628.75,428805,254.25,0.1578958523196894,23807.0,23397.5,23604.0,409.5,49.572649572649574,50.427350427350426,50.427350427350426,0.42735042735042583,23755.8125,23741.8895,23703.694750000002,23665.5,23651.75,23552.75,23539.0,23493.84375,23448.6875,23423.09375,23807.0,23397.5,409.5
2025-08-28,23542.25,23803.75,23487.5,23769.0,479463,316.25,0.5935565783208974,23752.0,23335.75,23542.25,416.25,50.390390390390394,49.60960960960961,50.390390390390394,0.3903903903903938,23699.96875,23685.81625,23647.158125,23608.5,23594.25,23493.5,23479.25,23433.515625,23387.78125,23361.765625,23752.0,23335.75,416.25
2025-08-29,23760.5,23762.0,23397.5,23461.75,527285,364.5,-1.292650090453951,23971.5,23541.5,23760.5,430.0,49.06976744186046,50.93023255813953,50.93023255813953,0.9302325581395294,23917.75,23903.13,23861.940000000002,23820.75,23806.25,23706.75,23692.25,23643.75,23595.25,23568.375,23971.5,23541.5,430.0
2025-09-01,23479.0,23552.5,23370.5,23502.25,87680,182.0,0.1726213943972654,23715.0,23254.0,23479.0,461.0,51.19305856832972,48.80694143167028,51.19305856832972,1.1930585683297181,23657.375,23641.701,23596.9755,23552.25,23536.5,23432.5,23416.75,23364.1875,23311.625,23282.8125,23715.0,23254.0,461.0
2025-09-02,23502.25,23509.5,23025.25,23275.0,649694,484.25,-0.9669286983161163,23716.0,23291.25,23502.25,424.75,50.32371983519718,49.676280164802826,50.32371983519718,0.3237198351971813,23662.90625,23648.46475,23609.107375,23569.75,23555.25,23452.0,23437.5,23390.921875,23344.34375,23317.796875,23716.0,23291.25,424.75
2025-09-03,23382.0,23525.25,23298.25,23448.75,557401,227.0,0.7465091299677873,23595.75,23165.25,23382.0,430.5,49.65156794425087,50.34843205574913,50.34843205574913,0.3484320557491287,23541.9375,23527.3005,23487.40025,23447.5,23432.75,23328.25,23313.5,23266.28125,23219.0625,23192.15625,23595.75,23165.25,430.5
2025-09-04,23456.75,23708.75,23410.0,23668.0,475080,298.75,0.9350178580947777,23660.5,23224.5,23456.75,436.0,46.731651376146786,53.268348623853214,53.268348623853214,3.268348623853214,23606.0,23591.176,23544.338,23497.5,23482.75,23402.25,23387.5,23333.25,23279.0,23251.75,23660.5,23224.5,436.0
2025-09-05,23700.0,23902.0,23505.0,23684.0,662754,397.0,0.06760182524927494,23872.75,23467.75,23700.0,405.0,42.65432098765432,57.34567901234568,57.34567901234568,7.345679012345677,23822.125,23808.355,23756.677499999998,23705.0,23691.0,23649.5,23635.5,23576.9375,23518.375,23493.0625,23872.75,23467.75,405.0
2025-09-08,23673.5,23888.0,23650.25,23799.75,450764,237.75,0.4887265664583751,23846.25,23390.5,23673.5,455.75,37.904552934722986,62.09544706527702,62.09544706527702,12.095447065277021,23789.28125,23773.78575,23704.767874999998,23635.75,23620.25,23616.5,23601.0,23524.234375,23447.46875,23418.984375,23846.25,23390.5,455.75
2025-09-09,23799.0,23921.25,23726.0,23874.0,466247,195.25,0.3119780669964989,23971.5,23516.0,23799.0,455.5,37.87047200878156,62.12952799121844,62.12952799121844,12.129527991218438,23914.5625,23899.0755,23830.03775,23761.0,23745.5,23742.0,23726.5,23649.71875,23572.9375,23544.46875,23971.5,23516.0,455.5
2025-09-10,23898.5,24044.25,23785.0,23877.75,510080,259.25,0.01570746418697588,24064.25,23615.5,23898.5,448.75,36.93593314763231,63.06406685236768,63.06406685236768,13.06406685236768,24008.15625,23992.89875,23922.699375,23852.5,23837.25,23842.5,23827.25,23749.421875,23671.59375,23643.546875,24064.25,23615.5,448.75
2025-09-11,23853.75,24046.0,23838.0,24017.75,429449,208.0,0.586319900325627,24009.5,23597.25,23853.75,412.25,37.78047301394785,62.21952698605215,62.21952698605215,12.219526986052152,23957.96875,23943.95225,23881.226125,23818.5,23804.5,23802.25,23788.25,23718.515625,23648.78125,23623.015625,24009.5,23597.25,412.25
2025-09-12,24028.25,24159.0,23969.0,24113.25,382635,190.0,0.3976225916249465,24181.75,23769.0,24028.25,412.75,37.18958207147183,62.81041792852816,62.81041792852816,12.81041792852816,24130.15625,24116.12275,24052.186374999997,23988.25,23974.0,23976.75,23962.5,23891.546875,23820.59375,23794.796875,24181.75,23769.0,412.75
2025-09-15,24115.25,24315.5,24076.0,24296.5,218985,239.5,0.759955626056219,24269.5,23856.0,24115.25,413.5,37.303506650544136,62.696493349455864,62.696493349455864,12.696493349455864,24217.8125,24203.7535,24139.87675,24076.0,24062.0,24063.5,24049.5,23978.59375,23907.6875,23881.84375,24269.5,23856.0,413.5
2025-09-16,24290.0,24403.5,24258.25,24284.0,94412,145.25,-0.0514477393863344,24445.75,24066.25,24290.0,379.5,41.04084321475626,58.959156785243735,58.959156785243735,8.959156785243735,24398.3125,24385.4095,24333.82975,24282.25,24269.5,24242.5,24229.75,24171.71875,24113.6875,24089.96875,24445.75,24066.25,379.5
2025-09-17,24290.0,24312.5,24003.75,24222.5,107326,308.75,-0.2532531708120622,24445.75,24108.0,24290.0,337.75,46.1139896373057,53.8860103626943,53.8860103626943,3.8860103626943,24403.53125,24392.04775,24354.773875,24317.5,24306.0,24247.75,24236.25,24193.234375,24150.21875,24129.109375,24445.75,24108.0,337.75
2025-09-18,24250.25,24569.5,24248.5,24460.25,66949,321.0,0.9815254412220087,24396.5,24061.0,24250.25,335.5,43.59165424739195,56.40834575260805,56.40834575260805,6.408345752608049,24354.5625,24343.1555,24301.82775,24260.5,24249.25,24208.25,24197.0,24149.96875,24102.9375,24081.96875,24396.5,24061.0,335.5
2025-09-19,24468.25,24575.0,24412.5,24568.0,2463,162.5,0.4405106243803747,24626.5,24306.25,24468.25,320.25,49.414519906323186,50.585480093676814,50.585480093676814,0.5854800936768143,24586.46875,24575.58025,24545.540125,24515.5,24504.5,24428.25,24417.25,24381.765625,24346.28125,24326.265625,24626.5,24306.25,320.25
2025-09-22,24850.0,25027.25,24748.75,25003.0,467903,278.5,1.770595897101912,24999.75,24688.0,24850.0,311.75,48.03528468323977,51.96471531676023,51.96471531676023,1.964715316760227,24960.78125,24950.18175,24918.715875,24887.25,24876.75,24811.0,24800.5,24763.734375,24726.96875,24707.484375,24999.75,24688.0,311.75
2025-09-23,24995.0,25026.0,24780.5,24827.25,551327,245.5,-0.7029156501219824,25154.25,24833.0,24995.0,321.25,49.57198443579767,50.42801556420233,50.42801556420233,0.4280155642023331,25114.09375,25103.17125,25073.210625,25043.25,25032.5,24954.75,24944.0,24908.578125,24873.15625,24853.078125,25154.25,24833.0,321.25
2025-09-24,24839.5,24913.5,24627.0,24739.25,521659,286.5,-0.3544492442779656,24998.75,24680.5,24839.5,318.25,50.03927729772192,49.96072270227808,50.03927729772192,0.03927729772191668,24958.96875,24948.14825,24919.074125,24890.0,24879.25,24800.0,24789.25,24754.765625,24720.28125,24700.390625,24998.75,24680.5,318.25
2025-09-25,24746.0,24793.5,24422.5,24629.25,687132,371.0,-0.4446375698535676,24908.75,24578.0,24746.0,330.75,49.2063492063492,50.79365079365079,50.79365079365079,0.7936507936507908,24867.40625,24856.16075,24824.705374999998,24793.25,24782.0,24704.75,24693.5,24656.421875,24619.34375,24598.671875,24908.75,24578.0,330.75
2025-09-26,24642.5,24747.5,24520.0,24726.75,542927,227.5,0.3958707634215353,24813.5,24457.5,24642.5,356.0,48.03370786516854,51.96629213483146,51.96629213483146,1.9662921348314626,24769.0,24756.896,24720.948,24685.0,24673.0,24598.0,24586.0,24544.0,24502.0,24479.75,24813.5,24457.5,356.0
2025-09-29,24726.5,24975.5,24721.75,24837.75,501113,253.75,0.4489065485759447,24895.25,24541.5,24726.5,353.75,47.70318021201413,52.29681978798587,52.29681978798587,2.296819787985868,24851.03125,24839.00375,24802.751875,24766.5,24754.5,24682.25,24670.25,24627.984375,24585.71875,24563.609375,24895.25,24541.5,353.75
2025-09-30,24817.75,24913.75,24722.25,24901.75,503096,191.5,0.2576722931827646,24987.5,24611.25,24817.75,376.25,45.11627906976744,54.88372093023256,54.88372093023256,4.883720930232563,24940.46875,24927.67625,24884.213125000002,24840.75,24828.0,24770.75,24758.0,24708.140625,24658.28125,24634.765625,24987.5,24611.25,376.25
2025-10-01,24843.0,25036.75,24633.25,25017.5,466539,403.5,0.464826769202964,25006.25,24637.75,24843.0,368.5,44.30122116689281,55.698778833107184,55.698778833107184,5.698778833107184,24960.1875,24947.6585,24903.579250000003,24859.5,24847.0,24797.0,24784.5,24734.15625,24683.8125,24660.78125,25006.25,24637.75,368.5
2025-10-02,25009.25,25180.0,24993.75,25110.0,451673,186.25,0.3697411811731888,25181.75,24804.0,25009.25,377.75,45.6651224354732,54.334877564526806,54.334877564526806,4.334877564526806,25134.53125,25121.68775,25079.093875,25036.5,25023.75,24962.0,24949.25,24900.234375,24851.21875,24827.609375,25181.75,24804.0,377.75
2025-10-03,25101.5,25196.5,24923.25,24992.0,482299,273.25,-0.4699322978892861,25276.75,24896.25,25101.5,380.5,46.057818659658345,53.942181340341655,53.942181340341655,3.942181340341655,25229.1875,25216.2505,25174.125249999997,25132.0,25119.0,25054.0,25041.0,24992.40625,24943.8125,24920.03125,25276.75,24896.25,380.5
2025-10-06,25000.0,25252.75,24995.0,25184.75,410618,257.75,0.7712467989756666,25172.25,24799.5,25000.0,372.75,46.21059691482227,53.78940308517773,53.78940308517773,3.7894030851777316,25125.65625,25112.98275,25071.991374999998,25031.0,25018.25,24953.5,24940.75,24893.421875,24846.09375,24822.796875,25172.25,24799.5,372.75
2025-10-07,25184.5,25275.0,24984.75,25039.25,532138,290.25,-0.5777305710797154,25357.5,24973.0,25184.5,384.5,44.993498049414825,55.006501950585175,55.006501950585175,5.006501950585175,25309.4375,25296.3645,25251.807249999998,25207.25,25194.0,25136.5,25123.25,25072.15625,25021.0625,24997.03125,25357.5,24973.0,384.5
2025-10-08,25059.75,25364.75,25026.25,25331.0,451309,338.5,1.165170682029215,25232.75,24847.5,25059.75,385.25,44.90590525632706,55.09409474367294,55.09409474367294,5.09409474367294,25184.59375,25171.49525,25126.622625,25081.75,25068.75,25011.5,24998.5,24947.078125,24895.65625,24871.578125,25232.75,24847.5,385.25
2025-10-09,25351.5,25394.0,25160.75,25289.25,493746,233.25,-0.1648178121669064,25532.75,25159.5,25351.5,373.25,48.55994641661085,51.440053583389144,51.440053583389144,1.440053583389144,25486.09375,25473.40325,25436.701625,25400.0,25387.5,25304.75,25292.25,25249.203125,25206.15625,25182.828125,25532.75,25159.5,373.25
2025-10-10,25287.75,25388.0,24158.5,24397.0,914799,1229.5,-3.528178969324913,25473.25,25106.75,25287.75,366.5,50.61391541609823,49.38608458390178,50.61391541609823,0.6139154160982301,25427.4375,25414.9765,25380.488250000002,25346.0,25333.5,25246.5,25234.0,25193.28125,25152.5625,25129.65625,25473.25,25106.75,366.5
2025-10-13,24542.0,24965.0,24542.0,24922.25,648555,423.0,2.15292863876706,24730.0,24196.75,24542.0,533.25,35.25550867323019,64.7444913267698,64.7444913267698,14.744491326769804,24663.34375,24645.21325,24557.356625,24469.5,24451.5,24475.25,24457.25,24360.328125,24263.40625,24230.078125,24730.0,24196.75,533.25
2025-10-14,24913.75,25044.25,24421.0,24762.5,720613,623.25,-0.6409934897531278,25133.25,24568.5,24913.75,564.75,38.86675520141656,61.13324479858344,61.13324479858344,11.13324479858344,25062.65625,25043.45475,24960.602375000002,24877.75,24858.5,24843.25,24824.0,24731.546875,24639.09375,24603.796875,25133.25,24568.5,564.75
2025-10-15,24754.0,25115.0,24663.25,24924.5,623588,451.75,0.6542150429076132,24959.75,24392.75,24754.0,567.0,36.28747795414462,63.71252204585538,63.71252204585538,13.71252204585538,24888.875,24869.597,24779.1735,24688.75,24669.5,24683.0,24663.75,24563.6875,24463.625,24428.1875,24959.75,24392.75,567.0
2025-10-16,24937.0,25179.5,24643.5,24831.25,726832,536.0,-0.3741298722140907,25188.0,24575.75,24937.0,612.25,40.996325030624746,59.003674969375254,59.003674969375254,9.003674969375254,25111.46875,25090.65225,25007.326125,24924.0,24903.25,24860.5,24839.75,24746.015625,24652.28125,24614.015625,25188.0,24575.75,612.25
2025-10-17,24793.75,25055.75,24410.0,24986.5,735172,645.75,0.625220236597035,25044.75,24396.75,24793.75,648.0,38.73456790123457,61.26543209876543,61.26543209876543,11.26543209876543,24963.75,24941.718,24846.234,24750.75,24728.75,24712.75,24690.75,24584.25,24477.75,24437.25,25044.75,24396.75,648.0
2025-10-20,25065.75,25354.5,24955.75,25305.25,429885,398.75,1.275688871990877,25382.75,24668.75,25065.75,714.0,44.397759103641455,55.602240896358545,55.602240896358545,5.602240896358545,25293.5,25269.224,25184.237,25099.25,25075.0,24976.5,24952.25,24855.125,24758.0,24713.375,25382.75,24668.75,714.0
2025-10-21,25326.75,25368.0,25203.25,25294.75,432351,164.75,-0.04149336600112186,25634.75,24879.75,25326.75,755.0,40.794701986754966,59.205298013245034,59.205298013245034,9.205298013245034,25540.375,25514.705,25411.2275,25307.75,25282.0,25232.5,25206.75,25090.4375,24974.125,24926.9375,25634.75,24879.75,755.0
2025-10-22,25283.75,25338.25,24804.75,25039.25,683645,533.5,-1.010091026794102,25611.0,24903.75,25283.75,707.25,46.27076705549664,53.72923294450336,53.72923294450336,3.7292329445033587,25522.59375,25498.54725,25421.023625,25343.5,25319.5,25195.25,25171.25,25081.703125,24992.15625,24947.953125,25611.0,24903.75,707.25
2025-10-23,25012.25,25296.0,24937.0,25254.0,521869,359.0,0.8576534840300631,25339.5,24591.25,25012.25,748.25,43.735382559305044,56.264617440694956,56.264617440694956,6.2646174406949555,25245.96875,25220.52825,25129.014125,25037.5,25012.0,24918.75,24893.25,24789.015625,24684.78125,24638.015625,25339.5,24591.25,748.25
2025-10-24,25283.25,25570.75,25276.0,25509.25,459796,294.75,1.010730973311169,25594.25,24966.75,25283.25,627.5,49.56175298804781,50.438247011952186,50.438247011952186,0.4382470119521855,25515.8125,25494.4775,25435.98875,25377.5,25356.25,25204.75,25183.5,25114.34375,25045.1875,25005.96875,25594.25,24966.75,627.5
2025-10-27,25723.5,26013.5,25700.0,25963.75,421306,313.5,1.781706635828173,26017.0,25407.0,25723.5,610.0,48.114754098360656,51.885245901639344,51.885245901639344,1.885245901639344,25940.75,25920.01,25858.754999999997,25797.5,25776.75,25647.25,25626.5,25554.875,25483.25,25445.125,26017.0,25407.0,610.0
2025-10-28,26002.5,26231.5,25943.0,26163.5,440019,288.5,0.7693418708776711,26282.75,25722.0,26002.5,560.75,49.97770842621489,50.022291573785104,50.022291573785104,0.022291573785103935,26212.65625,26193.59075,26142.545375,26091.5,26072.25,25932.5,25913.25,25852.671875,25792.09375,25757.046875,26282.75,25722.0,560.75
2025-10-29,26179.75,26379.75,26049.25,26262.5,548648,330.5,0.3783897414336712,26441.25,25899.25,26179.75,542.0,48.247232472324725,51.75276752767528,51.75276752767528,1.7527675276752817,26373.5,26355.072,26301.036,26247.0,26228.5,26112.0,26093.5,26030.25,25967.0,25933.125,26441.25,25899.25,542.0
2025-10-30,26154.5,26399.0,25853.0,25882.75,654512,546.0,-1.44597810566397,26411.0,25916.5,26154.5,494.5,51.870576339737106,48.129423660262894,51.870576339737106,1.8705763397371058,26349.1875,26332.3745,26282.812250000003,26233.25,26216.25,26111.25,26094.25,26036.28125,25978.3125,25947.40625,26411.0,25916.5,494.5
2025-10-31,26150.5,26274.0,25888.75,26004.0,589761,385.25,0.4684587225082248,26376.25,25867.75,26150.5,508.5,44.395280235988196,55.604719764011804,55.604719764011804,5.604719764011804,26312.6875,26295.3985,26234.824249999998,26174.25,26157.0,26087.0,26069.75,26000.53125,25931.3125,25899.53125,26376.25,25867.75,508.5
2025-11-03,26028.25,26266.0,26012.75,26103.25,468410,253.25,0.3816720504537852,26244.75,25750.5,26028.25,494.25,43.803743045017704,56.196256954982296,56.196256954982296,6.196256954982296,26182.96875,26166.16425,26105.832125,26045.5,26028.75,25966.5,25949.75,25881.015625,25812.28125,25781.390625,26244.75,25750.5,494.25
2025-11-04,26104.5,26104.5,25522.75,25575.25,659924,581.75,-2.02273663241167,26313.75,25771.75,26104.5,542.0,38.6070110701107,61.392988929889306,61.392988929889306,11.392988929889306,26246.0,26227.572,26147.411,26067.25,26048.75,26036.75,26018.25,25928.875,25839.5,25805.625,26313.75,25771.75,542.0
2025-11-05,25545.0,25880.0,25282.0,25746.25,610347,598.0,0.6686151650521444,25754.25,25201.25,25545.0,553.0,37.839059674502714,62.16094032549728,62.16094032549728,12.160940325497279,25685.125,25666.323,25582.411500000002,25498.5,25479.5,25476.0,25457.0,25363.6875,25270.375,25235.8125,25754.25,25201.25,553.0
2025-11-06,25738.5,25822.25,25197.75,25244.25,746178,624.5,-1.949798514346746,25975.0,25394.75,25738.5,580.25,40.758293838862556,59.241706161137444,59.241706161137444,9.241706161137444,25902.46875,25882.74025,25803.120125,25723.5,25703.75,25666.0,25646.25,25556.765625,25467.28125,25431.015625,25975.0,25394.75,580.25
2025-11-07,25314.75,25354.75,24709.25,25166.25,752912,645.5,-0.3089812531566594,25558.25,24950.5,25314.75,607.75,40.06581653640477,59.934183463595225,59.934183463595225,9.934183463595225,25482.28125,25461.61775,25376.183875000002,25290.75,25270.0,25238.75,25218.0,25122.234375,25026.46875,24988.484375,25558.25,24950.5,607.75
